<?xml version="1.0" encoding="UTF-8"?>

<!-- ====================================================================== -->
<!-- Ant build file (http://ant.apache.org/) for Ant 1.6.2 or above.        -->
<!-- ====================================================================== -->

<!-- ====================================================================== -->
<!-- ===================== - DO NOT EDIT THIS FILE! - ===================== -->
<!-- ====================================================================== -->
<!--                                                                        -->
<!-- Any modifications will be overwritten.                                 -->
<!--                                                                        -->
<!-- Generated by Maven Ant Plugin on 3/11/15 6:28 AM                       -->
<!-- See: http://maven.apache.org/plugins/maven-ant-plugin/                 -->
<!--                                                                        -->
<!-- ====================================================================== -->

<project name="drumbeat-ifc.convert.ifc2rdf-from-maven" default="package" basedir=".">

  <!-- ====================================================================== -->
  <!-- Build environment properties                                           -->
  <!-- ====================================================================== -->

  <property file="${user.home}/.m2/maven.properties"/>
  <property file="maven-build.properties"/>

  <property name="maven.build.finalName" value="drumbeat-ifc.convert.ifc2rdf-1.5.0-SNAPSHOT"/>
  <property name="maven.build.dir" value="target"/>
  <property name="maven.build.outputDir" value="${maven.build.dir}/classes"/>
  <property name="maven.build.srcDir.0" value="src"/>
  <property name="maven.build.resourceDir.0" value="src/main/resources"/>
  <property name="maven.build.testOutputDir" value="${maven.build.dir}/test-classes"/>
  <property name="maven.build.testDir.0" value="src/test/java"/>
  <property name="maven.build.testResourceDir.0" value="src/test/resources"/>
  <property name="maven.test.reports" value="${maven.build.dir}/test-reports"/>
  <property name="maven.reporting.outputDirectory" value="${maven.build.dir}/site"/>

  <property name="maven.repo.local" value="${user.home}/.m2/repository"/>
  <property name="maven.settings.offline" value="false"/>
  <property name="maven.settings.interactiveMode" value="false"/>

  <!-- ====================================================================== -->
  <!-- Defining classpaths                                                    -->
  <!-- ====================================================================== -->

  <path id="build.classpath">
    <pathelement location="${maven.repo.local}/fi/hut/cs/drumbeat/drumbeat-ifc.common/1.5.0-SNAPSHOT/drumbeat-ifc.common-1.5.0-SNAPSHOT.jar"/>
    <pathelement location="${maven.repo.local}/fi/hut/cs/drumbeat/drumbeat-common/1.5.0-SNAPSHOT/drumbeat-common-1.5.0-SNAPSHOT.jar"/>
    <pathelement location="${maven.repo.local}/commons-cli/commons-cli/1.2/commons-cli-1.2.jar"/>
    <pathelement location="${maven.repo.local}/org/apache/commons/commons-lang3/3.3.2/commons-lang3-3.3.2.jar"/>
    <pathelement location="${maven.repo.local}/commons-codec/commons-codec/1.10/commons-codec-1.10.jar"/>
    <pathelement location="${maven.repo.local}/fi/hut/cs/drumbeat/drumbeat-rdf/1.5.0-SNAPSHOT/drumbeat-rdf-1.5.0-SNAPSHOT.jar"/>
    <pathelement location="${maven.repo.local}/org/apache/jena/jena-arq/2.12.1/jena-arq-2.12.1.jar"/>
    <pathelement location="${maven.repo.local}/org/apache/httpcomponents/httpclient/4.2.6/httpclient-4.2.6.jar"/>
    <pathelement location="${maven.repo.local}/org/apache/httpcomponents/httpcore/4.2.5/httpcore-4.2.5.jar"/>
    <pathelement location="${maven.repo.local}/com/github/jsonld-java/jsonld-java/0.5.0/jsonld-java-0.5.0.jar"/>
    <pathelement location="${maven.repo.local}/com/fasterxml/jackson/core/jackson-core/2.3.3/jackson-core-2.3.3.jar"/>
    <pathelement location="${maven.repo.local}/com/fasterxml/jackson/core/jackson-databind/2.3.3/jackson-databind-2.3.3.jar"/>
    <pathelement location="${maven.repo.local}/com/fasterxml/jackson/core/jackson-annotations/2.3.0/jackson-annotations-2.3.0.jar"/>
    <pathelement location="${maven.repo.local}/org/apache/httpcomponents/httpclient-cache/4.2.6/httpclient-cache-4.2.6.jar"/>
    <pathelement location="${maven.repo.local}/org/apache/thrift/libthrift/0.9.1/libthrift-0.9.1.jar"/>
    <pathelement location="${maven.repo.local}/org/slf4j/jcl-over-slf4j/1.7.6/jcl-over-slf4j-1.7.6.jar"/>
    <pathelement location="${maven.repo.local}/org/apache/commons/commons-csv/1.0/commons-csv-1.0.jar"/>
    <pathelement location="${maven.repo.local}/fi/hut/cs/drumbeat/drumbeat-ifc.data/1.5.0-SNAPSHOT/drumbeat-ifc.data-1.5.0-SNAPSHOT.jar"/>
    <pathelement location="${maven.repo.local}/org/apache/jena/jena-core/2.12.1/jena-core-2.12.1.jar"/>
    <pathelement location="${maven.repo.local}/org/slf4j/slf4j-api/1.7.6/slf4j-api-1.7.6.jar"/>
    <pathelement location="${maven.repo.local}/org/apache/jena/jena-iri/1.1.1/jena-iri-1.1.1.jar"/>
    <pathelement location="${maven.repo.local}/xerces/xercesImpl/2.11.0/xercesImpl-2.11.0.jar"/>
    <pathelement location="${maven.repo.local}/xml-apis/xml-apis/1.4.01/xml-apis-1.4.01.jar"/>
    <pathelement location="${maven.repo.local}/org/slf4j/slf4j-log4j12/1.7.6/slf4j-log4j12-1.7.6.jar"/>
    <pathelement location="${maven.repo.local}/log4j/log4j/1.2.17/log4j-1.2.17.jar"/>
  </path>
  <path id="build.test.classpath">
    <pathelement location="${maven.repo.local}/fi/hut/cs/drumbeat/drumbeat-ifc.common/1.5.0-SNAPSHOT/drumbeat-ifc.common-1.5.0-SNAPSHOT.jar"/>
    <pathelement location="${maven.repo.local}/fi/hut/cs/drumbeat/drumbeat-common/1.5.0-SNAPSHOT/drumbeat-common-1.5.0-SNAPSHOT.jar"/>
    <pathelement location="${maven.repo.local}/commons-cli/commons-cli/1.2/commons-cli-1.2.jar"/>
    <pathelement location="${maven.repo.local}/org/apache/commons/commons-lang3/3.3.2/commons-lang3-3.3.2.jar"/>
    <pathelement location="${maven.repo.local}/commons-codec/commons-codec/1.10/commons-codec-1.10.jar"/>
    <pathelement location="${maven.repo.local}/fi/hut/cs/drumbeat/drumbeat-rdf/1.5.0-SNAPSHOT/drumbeat-rdf-1.5.0-SNAPSHOT.jar"/>
    <pathelement location="${maven.repo.local}/org/apache/jena/jena-arq/2.12.1/jena-arq-2.12.1.jar"/>
    <pathelement location="${maven.repo.local}/org/apache/httpcomponents/httpclient/4.2.6/httpclient-4.2.6.jar"/>
    <pathelement location="${maven.repo.local}/org/apache/httpcomponents/httpcore/4.2.5/httpcore-4.2.5.jar"/>
    <pathelement location="${maven.repo.local}/com/github/jsonld-java/jsonld-java/0.5.0/jsonld-java-0.5.0.jar"/>
    <pathelement location="${maven.repo.local}/com/fasterxml/jackson/core/jackson-core/2.3.3/jackson-core-2.3.3.jar"/>
    <pathelement location="${maven.repo.local}/com/fasterxml/jackson/core/jackson-databind/2.3.3/jackson-databind-2.3.3.jar"/>
    <pathelement location="${maven.repo.local}/com/fasterxml/jackson/core/jackson-annotations/2.3.0/jackson-annotations-2.3.0.jar"/>
    <pathelement location="${maven.repo.local}/org/apache/httpcomponents/httpclient-cache/4.2.6/httpclient-cache-4.2.6.jar"/>
    <pathelement location="${maven.repo.local}/org/apache/thrift/libthrift/0.9.1/libthrift-0.9.1.jar"/>
    <pathelement location="${maven.repo.local}/org/slf4j/jcl-over-slf4j/1.7.6/jcl-over-slf4j-1.7.6.jar"/>
    <pathelement location="${maven.repo.local}/org/apache/commons/commons-csv/1.0/commons-csv-1.0.jar"/>
    <pathelement location="${maven.repo.local}/fi/hut/cs/drumbeat/drumbeat-ifc.data/1.5.0-SNAPSHOT/drumbeat-ifc.data-1.5.0-SNAPSHOT.jar"/>
    <pathelement location="${maven.repo.local}/org/apache/jena/jena-core/2.12.1/jena-core-2.12.1.jar"/>
    <pathelement location="${maven.repo.local}/org/slf4j/slf4j-api/1.7.6/slf4j-api-1.7.6.jar"/>
    <pathelement location="${maven.repo.local}/org/apache/jena/jena-iri/1.1.1/jena-iri-1.1.1.jar"/>
    <pathelement location="${maven.repo.local}/xerces/xercesImpl/2.11.0/xercesImpl-2.11.0.jar"/>
    <pathelement location="${maven.repo.local}/xml-apis/xml-apis/1.4.01/xml-apis-1.4.01.jar"/>
    <pathelement location="${maven.repo.local}/org/slf4j/slf4j-log4j12/1.7.6/slf4j-log4j12-1.7.6.jar"/>
    <pathelement location="${maven.repo.local}/log4j/log4j/1.2.17/log4j-1.2.17.jar"/>
  </path>

  <!-- ====================================================================== -->
  <!-- Cleaning up target                                                     -->
  <!-- ====================================================================== -->

  <target name="clean" description="Clean the output directory">
    <delete dir="${maven.build.dir}"/>
  </target>

  <!-- ====================================================================== -->
  <!-- Compilation target                                                     -->
  <!-- ====================================================================== -->

  <target name="compile" depends="get-deps" description="Compile the code">
    <mkdir dir="${maven.build.outputDir}"/>
    <javac destdir="${maven.build.outputDir}" 
           nowarn="false" 
           debug="true" 
           optimize="false" 
           deprecation="true" 
           target="1.7" 
           verbose="false" 
           fork="false" 
           source="1.7">
      <src>
        <pathelement location="${maven.build.srcDir.0}"/>
      </src>
      <classpath refid="build.classpath"/>
    </javac>
  </target>

  <!-- ====================================================================== -->
  <!-- Test-compilation target                                                -->
  <!-- ====================================================================== -->

  <target name="compile-tests" 
          depends="compile" 
          description="Compile the test code" 
          unless="maven.test.skip">
    <mkdir dir="${maven.build.testOutputDir}"/>
  </target>

  <!-- ====================================================================== -->
  <!-- Run all tests                                                          -->
  <!-- ====================================================================== -->

  <target name="test" 
          depends="compile-tests, junit-missing" 
          unless="junit.skipped" 
          description="Run the test cases"/>

  <target name="test-junit-present">
    <available classname="junit.framework.Test" property="junit.present" classpathref="build.test.classpath"/>
  </target>

  <target name="test-junit-status" 
          depends="test-junit-present">
    <condition property="junit.missing">
      <and>
        <isfalse value="${junit.present}"/>
        <isfalse value="${maven.test.skip}"/>
      </and>
    </condition>
    <condition property="junit.skipped">
      <or>
        <isfalse value="${junit.present}"/>
        <istrue value="${maven.test.skip}"/>
      </or>
    </condition>
  </target>

  <target name="junit-missing" 
          depends="test-junit-status" 
          if="junit.missing">
    <echo>=================================== WARNING ===================================</echo>
    <echo> JUnit is not present in the test classpath or your $ANT_HOME/lib directory. Tests not executed.</echo>
    <echo>===============================================================================</echo>
  </target>

  <!-- ====================================================================== -->
  <!-- Javadoc target                                                         -->
  <!-- ====================================================================== -->

  <target name="javadoc" description="Generates the Javadoc of the application">
    <javadoc sourcepath="${maven.build.srcDir.0}" 
             packagenames="*" 
             destdir="${maven.reporting.outputDirectory}/apidocs" 
             access="protected" 
             old="false" 
             verbose="false" 
             version="true" 
             use="true" 
             author="true" 
             splitindex="false" 
             nodeprecated="false" 
             nodeprecatedlist="false" 
             notree="false" 
             noindex="false" 
             nohelp="false" 
             nonavbar="false" 
             serialwarn="false" 
             charset="ISO-8859-1" 
             linksource="false" 
             breakiterator="false"/>
  </target>

  <!-- ====================================================================== -->
  <!-- Package target                                                         -->
  <!-- ====================================================================== -->

  <target name="package" depends="compile,test" description="Package the application">
    <jar jarfile="${maven.build.dir}/${maven.build.finalName}.jar" 
         compress="true" 
         index="false" 
         basedir="${maven.build.outputDir}" 
         excludes="**/package.html"/>
  </target>

  <!-- ====================================================================== -->
  <!-- A dummy target for the package named after the type it creates         -->
  <!-- ====================================================================== -->

  <target name="jar" depends="package" description="Builds the jar for the application"/>

  <!-- ====================================================================== -->
  <!-- Download dependencies target                                           -->
  <!-- ====================================================================== -->

  <target name="test-offline">
    <condition property="maven.mode.offline">
      <equals arg1="${maven.settings.offline}" arg2="true"/>
    </condition>
  </target>

  <target name="get-deps" 
          depends="test-offline" 
          description="Download all dependencies" 
          unless="maven.mode.offline">
    <mkdir dir="${maven.repo.local}"/>
    <mkdir dir="${maven.repo.local}/fi/hut/cs/drumbeat/drumbeat-ifc.common/1.5.0-SNAPSHOT"/>
    <get src="http://repo.maven.apache.org/maven2/fi/hut/cs/drumbeat/drumbeat-ifc.common/1.5.0-SNAPSHOT/drumbeat-ifc.common-1.5.0-SNAPSHOT.jar" 
         dest="${maven.repo.local}/fi/hut/cs/drumbeat/drumbeat-ifc.common/1.5.0-SNAPSHOT/drumbeat-ifc.common-1.5.0-SNAPSHOT.jar" 
         usetimestamp="false" 
         ignoreerrors="true"/>
    <mkdir dir="${maven.repo.local}/fi/hut/cs/drumbeat/drumbeat-common/1.5.0-SNAPSHOT"/>
    <get src="http://repo.maven.apache.org/maven2/fi/hut/cs/drumbeat/drumbeat-common/1.5.0-SNAPSHOT/drumbeat-common-1.5.0-SNAPSHOT.jar" 
         dest="${maven.repo.local}/fi/hut/cs/drumbeat/drumbeat-common/1.5.0-SNAPSHOT/drumbeat-common-1.5.0-SNAPSHOT.jar" 
         usetimestamp="false" 
         ignoreerrors="true"/>
    <mkdir dir="${maven.repo.local}/commons-cli/commons-cli/1.2"/>
    <get src="http://repo.maven.apache.org/maven2/commons-cli/commons-cli/1.2/commons-cli-1.2.jar" 
         dest="${maven.repo.local}/commons-cli/commons-cli/1.2/commons-cli-1.2.jar" 
         usetimestamp="false" 
         ignoreerrors="true"/>
    <mkdir dir="${maven.repo.local}/org/apache/commons/commons-lang3/3.3.2"/>
    <get src="http://repo.maven.apache.org/maven2/org/apache/commons/commons-lang3/3.3.2/commons-lang3-3.3.2.jar" 
         dest="${maven.repo.local}/org/apache/commons/commons-lang3/3.3.2/commons-lang3-3.3.2.jar" 
         usetimestamp="false" 
         ignoreerrors="true"/>
    <mkdir dir="${maven.repo.local}/commons-codec/commons-codec/1.10"/>
    <get src="http://repo.maven.apache.org/maven2/commons-codec/commons-codec/1.10/commons-codec-1.10.jar" 
         dest="${maven.repo.local}/commons-codec/commons-codec/1.10/commons-codec-1.10.jar" 
         usetimestamp="false" 
         ignoreerrors="true"/>
    <mkdir dir="${maven.repo.local}/fi/hut/cs/drumbeat/drumbeat-rdf/1.5.0-SNAPSHOT"/>
    <get src="http://repo.maven.apache.org/maven2/fi/hut/cs/drumbeat/drumbeat-rdf/1.5.0-SNAPSHOT/drumbeat-rdf-1.5.0-SNAPSHOT.jar" 
         dest="${maven.repo.local}/fi/hut/cs/drumbeat/drumbeat-rdf/1.5.0-SNAPSHOT/drumbeat-rdf-1.5.0-SNAPSHOT.jar" 
         usetimestamp="false" 
         ignoreerrors="true"/>
    <mkdir dir="${maven.repo.local}/org/apache/jena/jena-arq/2.12.1"/>
    <get src="http://repo.maven.apache.org/maven2/org/apache/jena/jena-arq/2.12.1/jena-arq-2.12.1.jar" 
         dest="${maven.repo.local}/org/apache/jena/jena-arq/2.12.1/jena-arq-2.12.1.jar" 
         usetimestamp="false" 
         ignoreerrors="true"/>
    <mkdir dir="${maven.repo.local}/org/apache/httpcomponents/httpclient/4.2.6"/>
    <get src="http://repo.maven.apache.org/maven2/org/apache/httpcomponents/httpclient/4.2.6/httpclient-4.2.6.jar" 
         dest="${maven.repo.local}/org/apache/httpcomponents/httpclient/4.2.6/httpclient-4.2.6.jar" 
         usetimestamp="false" 
         ignoreerrors="true"/>
    <mkdir dir="${maven.repo.local}/org/apache/httpcomponents/httpcore/4.2.5"/>
    <get src="http://repo.maven.apache.org/maven2/org/apache/httpcomponents/httpcore/4.2.5/httpcore-4.2.5.jar" 
         dest="${maven.repo.local}/org/apache/httpcomponents/httpcore/4.2.5/httpcore-4.2.5.jar" 
         usetimestamp="false" 
         ignoreerrors="true"/>
    <mkdir dir="${maven.repo.local}/com/github/jsonld-java/jsonld-java/0.5.0"/>
    <get src="http://repo.maven.apache.org/maven2/com/github/jsonld-java/jsonld-java/0.5.0/jsonld-java-0.5.0.jar" 
         dest="${maven.repo.local}/com/github/jsonld-java/jsonld-java/0.5.0/jsonld-java-0.5.0.jar" 
         usetimestamp="false" 
         ignoreerrors="true"/>
    <mkdir dir="${maven.repo.local}/com/fasterxml/jackson/core/jackson-core/2.3.3"/>
    <get src="http://repo.maven.apache.org/maven2/com/fasterxml/jackson/core/jackson-core/2.3.3/jackson-core-2.3.3.jar" 
         dest="${maven.repo.local}/com/fasterxml/jackson/core/jackson-core/2.3.3/jackson-core-2.3.3.jar" 
         usetimestamp="false" 
         ignoreerrors="true"/>
    <mkdir dir="${maven.repo.local}/com/fasterxml/jackson/core/jackson-databind/2.3.3"/>
    <get src="http://repo.maven.apache.org/maven2/com/fasterxml/jackson/core/jackson-databind/2.3.3/jackson-databind-2.3.3.jar" 
         dest="${maven.repo.local}/com/fasterxml/jackson/core/jackson-databind/2.3.3/jackson-databind-2.3.3.jar" 
         usetimestamp="false" 
         ignoreerrors="true"/>
    <mkdir dir="${maven.repo.local}/com/fasterxml/jackson/core/jackson-annotations/2.3.0"/>
    <get src="http://repo.maven.apache.org/maven2/com/fasterxml/jackson/core/jackson-annotations/2.3.0/jackson-annotations-2.3.0.jar" 
         dest="${maven.repo.local}/com/fasterxml/jackson/core/jackson-annotations/2.3.0/jackson-annotations-2.3.0.jar" 
         usetimestamp="false" 
         ignoreerrors="true"/>
    <mkdir dir="${maven.repo.local}/org/apache/httpcomponents/httpclient-cache/4.2.6"/>
    <get src="http://repo.maven.apache.org/maven2/org/apache/httpcomponents/httpclient-cache/4.2.6/httpclient-cache-4.2.6.jar" 
         dest="${maven.repo.local}/org/apache/httpcomponents/httpclient-cache/4.2.6/httpclient-cache-4.2.6.jar" 
         usetimestamp="false" 
         ignoreerrors="true"/>
    <mkdir dir="${maven.repo.local}/org/apache/thrift/libthrift/0.9.1"/>
    <get src="http://repo.maven.apache.org/maven2/org/apache/thrift/libthrift/0.9.1/libthrift-0.9.1.jar" 
         dest="${maven.repo.local}/org/apache/thrift/libthrift/0.9.1/libthrift-0.9.1.jar" 
         usetimestamp="false" 
         ignoreerrors="true"/>
    <mkdir dir="${maven.repo.local}/org/slf4j/jcl-over-slf4j/1.7.6"/>
    <get src="http://repo.maven.apache.org/maven2/org/slf4j/jcl-over-slf4j/1.7.6/jcl-over-slf4j-1.7.6.jar" 
         dest="${maven.repo.local}/org/slf4j/jcl-over-slf4j/1.7.6/jcl-over-slf4j-1.7.6.jar" 
         usetimestamp="false" 
         ignoreerrors="true"/>
    <mkdir dir="${maven.repo.local}/org/apache/commons/commons-csv/1.0"/>
    <get src="http://repo.maven.apache.org/maven2/org/apache/commons/commons-csv/1.0/commons-csv-1.0.jar" 
         dest="${maven.repo.local}/org/apache/commons/commons-csv/1.0/commons-csv-1.0.jar" 
         usetimestamp="false" 
         ignoreerrors="true"/>
    <mkdir dir="${maven.repo.local}/fi/hut/cs/drumbeat/drumbeat-ifc.data/1.5.0-SNAPSHOT"/>
    <get src="http://repo.maven.apache.org/maven2/fi/hut/cs/drumbeat/drumbeat-ifc.data/1.5.0-SNAPSHOT/drumbeat-ifc.data-1.5.0-SNAPSHOT.jar" 
         dest="${maven.repo.local}/fi/hut/cs/drumbeat/drumbeat-ifc.data/1.5.0-SNAPSHOT/drumbeat-ifc.data-1.5.0-SNAPSHOT.jar" 
         usetimestamp="false" 
         ignoreerrors="true"/>
    <mkdir dir="${maven.repo.local}/org/apache/jena/jena-core/2.12.1"/>
    <get src="http://repo.maven.apache.org/maven2/org/apache/jena/jena-core/2.12.1/jena-core-2.12.1.jar" 
         dest="${maven.repo.local}/org/apache/jena/jena-core/2.12.1/jena-core-2.12.1.jar" 
         usetimestamp="false" 
         ignoreerrors="true"/>
    <mkdir dir="${maven.repo.local}/org/slf4j/slf4j-api/1.7.6"/>
    <get src="http://repo.maven.apache.org/maven2/org/slf4j/slf4j-api/1.7.6/slf4j-api-1.7.6.jar" 
         dest="${maven.repo.local}/org/slf4j/slf4j-api/1.7.6/slf4j-api-1.7.6.jar" 
         usetimestamp="false" 
         ignoreerrors="true"/>
    <mkdir dir="${maven.repo.local}/org/apache/jena/jena-iri/1.1.1"/>
    <get src="http://repo.maven.apache.org/maven2/org/apache/jena/jena-iri/1.1.1/jena-iri-1.1.1.jar" 
         dest="${maven.repo.local}/org/apache/jena/jena-iri/1.1.1/jena-iri-1.1.1.jar" 
         usetimestamp="false" 
         ignoreerrors="true"/>
    <mkdir dir="${maven.repo.local}/xerces/xercesImpl/2.11.0"/>
    <get src="http://repo.maven.apache.org/maven2/xerces/xercesImpl/2.11.0/xercesImpl-2.11.0.jar" 
         dest="${maven.repo.local}/xerces/xercesImpl/2.11.0/xercesImpl-2.11.0.jar" 
         usetimestamp="false" 
         ignoreerrors="true"/>
    <mkdir dir="${maven.repo.local}/xml-apis/xml-apis/1.4.01"/>
    <get src="http://repo.maven.apache.org/maven2/xml-apis/xml-apis/1.4.01/xml-apis-1.4.01.jar" 
         dest="${maven.repo.local}/xml-apis/xml-apis/1.4.01/xml-apis-1.4.01.jar" 
         usetimestamp="false" 
         ignoreerrors="true"/>
    <mkdir dir="${maven.repo.local}/org/slf4j/slf4j-log4j12/1.7.6"/>
    <get src="http://repo.maven.apache.org/maven2/org/slf4j/slf4j-log4j12/1.7.6/slf4j-log4j12-1.7.6.jar" 
         dest="${maven.repo.local}/org/slf4j/slf4j-log4j12/1.7.6/slf4j-log4j12-1.7.6.jar" 
         usetimestamp="false" 
         ignoreerrors="true"/>
    <mkdir dir="${maven.repo.local}/log4j/log4j/1.2.17"/>
    <get src="http://repo.maven.apache.org/maven2/log4j/log4j/1.2.17/log4j-1.2.17.jar" 
         dest="${maven.repo.local}/log4j/log4j/1.2.17/log4j-1.2.17.jar" 
         usetimestamp="false" 
         ignoreerrors="true"/>
  </target>

</project>
